{"FC1": [[[-0.22647938132286072, 0.20456236600875854, -0.14165756106376648, -0.10683265328407288, -0.4953128695487976, 0.28887176513671875, 0.4143455922603607, 0.1850813329219818, 0.20844359695911407, -0.1498454511165619, -0.17430859804153442, -0.5100318193435669, 0.315796434879303, 0.03335003927350044, 0.4455302655696869, 0.03705545514822006, -0.005091930739581585, 0.2244037389755249, 0.28494393825531006, -0.004779575392603874]], [0.0, -0.2386629581451416, 0.0, 0.0, 0.0, -0.12542858719825745, -0.09682895988225937, -0.2151259481906891, -0.24357783794403076, 0.0, 0.0, 0.0, -0.18269087374210358, -0.05280543863773346, -0.2116130143404007, -0.060241539031267166, -0.014001155272126198, -0.19482365250587463, -0.16031652688980103, -0.0060054101049900055]], "FC2": [[[0.10694706439971924, 2.3365020751953125e-05, 0.30355948209762573, -0.0, -0.0, 0.19141501188278198, -0.0, -0.0, -0.0, 0.056018441915512085, 0.26210838556289673, -0.0, -0.0, 0.3029620051383972, 0.20732665061950684, -0.0, -0.0, 0.15412139892578125, -0.0, 0.18682372570037842], [-0.0, 0.6759570837020874, 0.6765502691268921, 0.06270716339349747, -0.0, 0.19988363981246948, 0.08338025957345963, -0.0, 0.02907240390777588, -0.0, 0.1429673433303833, -0.0, -0.0, -0.0, -0.0, 0.30606716871261597, 0.15573297441005707, 0.28434205055236816, -0.0, 0.42931056022644043], [0.011148571968078613, 0.10190722346305847, -0.0, 0.2107895016670227, -0.0, 0.06197690963745117, 0.3351290225982666, -0.0, -0.0, -0.0, 0.37296944856643677, 0.11000654101371765, 0.3759441375732422, 0.0558432936668396, -0.0, 0.11282205581665039, -0.0, -0.0, -0.0, -0.0], [-0.0, 0.03218001127243042, -0.0, 0.3008749485015869, 0.024395257234573364, -0.0, -0.0, -0.0, -0.0, 0.25276273488998413, -0.0, 0.1297643780708313, -0.0, 0.09470862150192261, -0.0, 0.33181869983673096, 0.35566598176956177, -0.0, -0.0, -0.0], [-0.0, -0.0, -0.0, 0.2588408589363098, -0.0, -0.0, -0.0, 0.06151983141899109, 0.2995671033859253, -0.0, -0.0, -0.0, 0.03978383541107178, 0.17407429218292236, 0.21322977542877197, -0.0, 0.19106429815292358, 0.25421202182769775, -0.0, 0.10961529612541199], [-0.0, 0.08563841879367828, 0.11109235137701035, 0.009845010004937649, -0.0, -0.0, 0.139492928981781, 0.07636834681034088, -0.0, 0.07655086368322372, 0.20792776346206665, 0.028426051139831543, -0.0, -0.0, -0.0, -0.0, -0.0, -0.0, 0.29760679602622986, 0.09514201432466507], [0.2626328766345978, 0.08891475200653076, 0.07429824024438858, 0.11531443893909454, -0.0, 0.0015968084335327148, 0.07736862450838089, 0.32787612080574036, -0.0, 0.002285133581608534, -0.0, -0.0, 0.03434690833091736, -0.0, -0.0, 0.0939396321773529, 0.061770543456077576, -0.0, -0.0, 0.09905896335840225], [-0.0, 0.2594819664955139, 0.1225389689207077, 0.20332522690296173, -0.0, -0.0, 0.09723300486803055, -0.0, -0.0, -0.0, -0.0, 0.1189073920249939, -0.0, -0.0, -0.0, -0.0, 0.13008244335651398, 0.3795703053474426, 0.3682042956352234, 0.30810075998306274], [-0.0, 0.3060135841369629, 0.5273329615592957, 0.05633123964071274, -0.0, 0.287028968334198, 0.061920419335365295, -0.0, 0.12983053922653198, -0.0, 0.1449887752532959, -0.0, -0.0, -0.0, 0.20101942121982574, 0.10249337553977966, 0.07471287250518799, -0.0, 0.02287118509411812, 0.34695965051651], [0.18816202878952026, 0.009776771068572998, 0.03700941801071167, -0.0, 0.08108401298522949, 0.06043428182601929, -0.0, -0.0, 0.045024365186691284, -0.0, 0.2625056505203247, -0.0, 0.14407885074615479, 0.2840953469276428, -0.0, -0.0, 0.36811405420303345, 0.03755560517311096, -0.0, 0.04745927453041077], [0.08815458416938782, -0.0, 0.0692618191242218, -0.0, -0.0, 0.094170480966568, -0.0, 0.08715289831161499, -0.0, -0.0, -0.0, 0.15923291444778442, -0.0, 0.044882893562316895, -0.0, 0.07012471556663513, -0.0, -0.0, -0.0, 0.22312724590301514], [-0.0, 0.3124018907546997, -0.0, -0.0, 0.0953586995601654, -0.0, -0.0, -0.0, -0.0, -0.0, 0.33331191539764404, -0.0, 0.20933645963668823, -0.0, 0.20119112730026245, 0.2962401509284973, 0.13864809274673462, -0.0, -0.0, 0.005032479763031006], [0.011975341476500034, 0.21248365938663483, 0.1365746408700943, 0.01459153275936842, -0.0, -0.0, 0.0013458339963108301, -0.0, 0.3341841697692871, -0.0, -0.0, -0.0, -0.0, -0.0, -0.0, -0.0, -0.0, -0.0, -0.0, 0.13559597730636597], [-0.0, 0.005004217382520437, 0.36509400606155396, 0.0050052618607878685, -0.0, 0.06913301348686218, 0.0050049759447574615, -0.0, 0.37891072034835815, 0.2650209665298462, 0.0007901489734649658, 0.07816064357757568, 0.16565769910812378, 0.18015094101428986, -0.0, 0.22726070880889893, 0.1582796275615692, -0.0, -0.0, 0.005004493054002523], [-0.0, 0.11050068587064743, 0.3021789789199829, 0.013429563492536545, -0.0, -0.0, 0.09376790374517441, -0.0, -0.0, -0.0, -0.0, -0.0, -0.0, -0.0, -0.0, -0.0, 0.3151783347129822, -0.0, 0.16177953779697418, 0.37813669443130493], [0.029241856187582016, 0.005004358943551779, 0.0050052618607878685, 0.005005284678190947, -0.0, 0.19219762086868286, 0.09761372208595276, -0.0, 0.18307936191558838, 0.26063644886016846, -0.0, 0.0981462299823761, 0.13566184043884277, 0.26707589626312256, 0.1117207258939743, -0.0, 0.06573764979839325, 0.17810875177383423, -0.0, 0.005004603415727615], [0.3606530427932739, 0.13017897307872772, 0.20662648975849152, 0.005003300495445728, 0.3647400140762329, 0.2344251275062561, 0.17011286318302155, -0.0, 0.2761741876602173, -0.0, -0.0, -0.0, -0.0, 0.10646878182888031, 0.2840542197227478, -0.0, -0.0, -0.0, 0.030770238488912582, 0.22111578285694122], [-0.0, 0.18537969887256622, 0.3832230567932129, 0.024450989440083504, 0.011953392066061497, -0.0, 0.08127622306346893, -0.0, 0.26597434282302856, 0.17297324538230896, 0.03594502806663513, 0.23964262008666992, -0.0, 0.18884016573429108, -0.0, -0.0, 0.295280396938324, 0.2742646336555481, 0.3227497637271881, 0.4490041434764862], [-0.0, 0.11390017718076706, 0.2958759069442749, 0.013646073639392853, -0.0, -0.0, 0.0014255038695409894, -0.0, -0.0, 0.1830919235944748, -0.0, -0.0, 0.10523897409439087, -0.0, 0.17599789798259735, 0.3195681571960449, -0.0, -0.0, -0.0, 0.20839175581932068], [0.010249733924865723, 0.00492124492302537, 0.32524043321609497, 0.004991169553250074, 0.14015686511993408, -0.0, 0.004971950314939022, 0.2922555208206177, 0.3497472405433655, -0.0, 0.07879990339279175, 0.3726195693016052, 0.25885915756225586, 0.18714943528175354, -0.0, 0.22418850660324097, -0.0, -0.0, -0.0, 0.09115472435951233]], [-0.04701927304267883, -0.27074161171913147, -0.2751613259315491, -0.18739719688892365, -0.31853020191192627, 0.0, -0.14925938844680786, -0.03470426797866821, 0.0, -0.037484198808670044, 0.0, 0.0, 0.0, -0.17203789949417114, -0.12225984036922455, 0.0, -0.07717684656381607, 0.0, -0.012435900047421455, -0.24103356897830963]], "FC3": [[[0.35882583260536194], [0.07492891699075699], [0.20299607515335083], [0.017073094844818115], [0.3358350694179535], [0.25023436546325684], [0.01927562616765499], [0.38142383098602295], [-0.0], [0.41668039560317993], [-0.0], [0.0912218689918518], [-0.0], [0.31163644790649414], [0.33703792095184326], [-0.0], [0.04115626588463783], [-0.0], [0.011429880745708942], [0.08283379673957825]], [-0.328997939825058]], "SKIP2": [[[-0.0970199778676033, 0.22732460498809814, -0.09018847346305847, 0.11237185448408127, 0.20191915333271027, -0.49639493227005005, 0.21094784140586853, -0.16274721920490265, -0.3963613510131836, -0.14774924516677856, -0.3589601218700409, -0.48163267970085144, -0.4293825030326843, 0.0812966600060463, 0.007643410004675388, -0.5003716945648193, -0.23330305516719818, -0.4963170886039734, -0.40719226002693176, 0.11644595861434937]]], "SKIP3": [[[0.14391855895519257]]]}