{"FC1": [[[-0.3304399251937866, 0.09766311943531036, -0.3324311673641205, 0.0986589565873146, 0.029757531359791756, -0.5299861431121826, 0.30210062861442566, 0.04609549790620804, 0.09754069894552231, -0.05138078331947327, -0.09103429317474365, -0.04957178235054016, 0.10689684003591537, -0.012834608554840088, 0.025313688442111015, -0.48028600215911865, 0.1036430150270462, -0.5039902329444885, -0.25924742221832275, -0.08102208375930786]], [0.0, -0.15062804520130157, 0.0, -0.1521533727645874, -0.058324169367551804, 0.0, -0.28590962290763855, -0.0787302628159523, -0.16228044033050537, 0.0, 0.0, 0.0, -0.16368414461612701, 0.0, -0.05378612130880356, 0.0, -0.14750225841999054, 0.0, 0.0, 0.0]], "FC2": [[[0.31903839111328125, -0.0, 0.09376537799835205, 0.22073060274124146, 0.024589449167251587, 0.08971279859542847, 0.1613771915435791, 0.15623050928115845, 0.31828004121780396, 0.10050946474075317, -0.0, 0.1579838991165161, -0.0, -0.0, -0.0, -0.0, -0.0, -0.0, -0.0, -0.0], [0.3209496736526489, -0.0, 0.01753544621169567, 0.10034561902284622, -0.0, -0.0, -0.0, 0.04201887547969818, -0.0, 0.18233656883239746, 0.16412024199962616, 0.3622269928455353, 0.05184203386306763, -0.0, 0.40215712785720825, 0.23627090454101562, 0.0016052999999374151, -0.0, 0.049359243363142014, 0.0020109110046178102], [0.03795313835144043, 0.12791597843170166, -0.0, -0.0, 0.2859784960746765, -0.0, -0.0, -0.0, -0.0, 0.1167791485786438, 0.18890893459320068, -0.0, -0.0, 0.21568375825881958, -0.0, -0.0, -0.0, 0.06708529591560364, -0.0, -0.0], [0.24453295767307281, -0.0, 0.004706094507128, 0.13509534299373627, -0.0, -0.0, 0.23744255304336548, 0.04507957771420479, -0.0, 0.0022450569085776806, 0.3452445864677429, 0.11633117496967316, 0.2644304037094116, 0.26869499683380127, 0.36345556378364563, 0.0342194139957428, 0.001701330067589879, -0.0, 0.022321142256259918, 0.07762926071882248], [0.005000846926122904, 0.02384611964225769, 0.12451503425836563, -0.0, -0.0, -0.0, -0.0, 0.005004946608096361, 0.19001418352127075, -0.0, -0.0, 0.1767681986093521, -0.0, 0.09984481334686279, -0.0, 0.019356966018676758, 0.00500518549233675, 0.05579638481140137, 0.2786270081996918, 0.30671387910842896], [-0.0, -0.0, -0.0, 0.2013588547706604, -0.0, -0.0, 0.023029088973999023, 0.37589019536972046, 0.21743470430374146, -0.0, 0.12545859813690186, -0.0, -0.0, -0.0, -0.0, -0.0, -0.0, -0.0, -0.0, 0.11424612998962402], [0.45184755325317383, -0.0, 0.008601975627243519, 0.11097544431686401, -0.0, 0.26784706115722656, 0.35785114765167236, 0.2028638869524002, -0.0, 0.0013545581605285406, -0.0, 0.09530972689390182, 0.013560175895690918, 0.2702484726905823, 0.3181024193763733, 0.11362779140472412, 0.017114276066422462, -0.0, 0.0194357018917799, 0.0013192020123824477], [0.17584513127803802, 0.061193495988845825, 0.25353971123695374, 0.3128957152366638, 0.25880321860313416, -0.0, 0.017266958951950073, 0.29961955547332764, -0.0, -0.0, 0.1793401837348938, 0.005005250219255686, -0.0, -0.0, -0.0, 0.2784985899925232, 0.005005272570997477, -0.0, 0.11361277848482132, -0.0], [0.30428826808929443, 0.03645595908164978, 0.005005375482141972, 0.1935868114233017, -0.0, 0.08717811107635498, 0.37794381380081177, 0.2663550078868866, -0.0, 0.09427379816770554, -0.0, 0.0050053671002388, 0.32692742347717285, -0.0, -0.0, -0.0, 0.005005377810448408, 0.36436253786087036, 0.17158417403697968, 0.04605822265148163], [0.3869415521621704, -0.0, 0.06467801332473755, -0.0, -0.0, -0.0, -0.0, -0.0, 0.25196707248687744, 0.19676846265792847, 0.3566453456878662, -0.0, 0.1258884072303772, -0.0, -0.0, 0.2600706219673157, -0.0, -0.0, -0.0, -0.0], [0.19117975234985352, 0.0796310305595398, -0.0, 0.33466625213623047, 0.2775183320045471, -0.0, -0.0, 0.17558497190475464, 0.17061030864715576, 0.29118502140045166, -0.0, -0.0, -0.0, 0.2655653953552246, 0.3442896604537964, -0.0, 0.21681344509124756, 0.21564096212387085, 0.3842187523841858, -0.0], [0.08767452836036682, 0.19487255811691284, -0.0, -0.0, 0.12868350744247437, -0.0, 0.29082781076431274, -0.0, 0.17681032419204712, 0.3527074456214905, -0.0, -0.0, -0.0, -0.0, -0.0, 0.07726272940635681, 0.15352165699005127, -0.0, 0.3853565454483032, -0.0], [0.29349756240844727, 0.05452921986579895, 0.006034631282091141, 0.13361738622188568, -0.0, -0.0, 0.31055712699890137, 0.43608301877975464, 0.07071244716644287, 0.0018942023161798716, -0.0, 0.19896379113197327, 0.21176379919052124, -0.0, 0.6131641864776611, 0.13396340608596802, 0.0012798659736290574, 0.32810068130493164, 0.027701402083039284, 0.06934230029582977], [-0.0, -0.0, -0.0, 0.3531467914581299, -0.0, -0.0, 0.3664252758026123, 0.11810451745986938, 0.1549782156944275, -0.0, -0.0, 0.14307761192321777, 0.3844512701034546, 0.17048996686935425, -0.0, -0.0, 0.23449814319610596, -0.0, -0.0, 0.10342812538146973], [0.005000321194529533, 0.12967801094055176, 0.22831320762634277, -0.0, -0.0, 0.3609301447868347, 0.12110286951065063, 0.00500488793477416, 0.0989338755607605, -0.0, -0.0, 0.01914029009640217, -0.0, -0.0, 0.032189272344112396, -0.0, 0.200050488114357, -0.0, 0.005004788748919964, -0.0], [-0.0, -0.0, 0.23118317127227783, -0.0, 0.1429826021194458, 0.10343042016029358, 0.3247532844543457, 0.20416104793548584, -0.0, -0.0, -0.0, -0.0, -0.0, 0.20434778928756714, 0.2894214391708374, -0.0, -0.0, 0.1388346552848816, -0.0, 0.06428593397140503], [0.07167460024356842, -0.0, 0.0031704609282314777, 0.062422819435596466, 0.14340223371982574, -0.0, -0.0, 0.012253889814019203, -0.0, 0.0010846867226064205, -0.0, 0.02301514521241188, 0.35103273391723633, 0.029129385948181152, 0.19859805703163147, 0.1575884222984314, 0.0009243746753782034, 0.045344799757003784, 0.005236592143774033, 0.001046484336256981], [-0.0, 0.3356785774230957, -0.0, 0.3869844079017639, -0.0, -0.0, 0.3792424201965332, 0.16801267862319946, 0.15993940830230713, 0.07698175311088562, -0.0, 0.35021644830703735, -0.0, -0.0, 0.3022478222846985, -0.0, -0.0, 0.25294750928878784, 0.05944147706031799, 0.045460402965545654], [-0.0, 0.36713075637817383, 0.010974496603012085, 0.08912524580955505, -0.0, -0.0, 0.20931291580200195, -0.0, 0.2742597460746765, 0.14142346382141113, 0.37278497219085693, 0.15025079250335693, -0.0, -0.0, 0.06169739365577698, -0.0, 0.37958967685699463, 0.041041046380996704, -0.0, -0.0], [0.288581907749176, 0.2866320013999939, 0.3834238052368164, 0.36040449142456055, -0.0, 0.005650222301483154, -0.0, -0.0, -0.0, 0.11929559707641602, 0.024464428424835205, 0.0412537157535553, -0.0, 0.38358426094055176, -0.0, -0.0, 0.35565704107284546, 0.23253417015075684, -0.0, 0.24317777156829834]], [-0.28830745816230774, 0.0, -0.16716337203979492, -0.3625631034374237, -0.042663492262363434, 0.0, 0.0, -0.13346707820892334, -0.07916276156902313, -0.23672600090503693, -0.0359652079641819, -0.07486683130264282, 0.0, 0.0, -0.5194283127784729, 0.0, -0.2595509886741638, 0.0, -0.2115965038537979, -0.22437801957130432]], "FC3": [[[0.1097293272614479], [-0.0], [0.007562883663922548], [0.2789384424686432], [0.4554280936717987], [-0.0], [0.3295944929122925], [0.021670430898666382], [0.3909135162830353], [0.015377339906990528], [-0.0], [0.011579644866287708], [0.3690328598022461], [0.1278432011604309], [0.21196244657039642], [0.3340725898742676], [0.009775301441550255], [-0.0], [0.015928933396935463], [0.015226869843900204]], [-0.28061726689338684]], "SKIP2": [[[0.13772441446781158, -0.14462155103683472, 0.10583425313234329, 0.30533555150032043, -0.012604549527168274, -0.12282228469848633, -0.3925788104534149, 0.06089646369218826, 0.03638051077723503, 0.2526702284812927, -0.02599942311644554, 0.025127001106739044, -0.21087142825126648, -0.35056206583976746, 0.30764076113700867, -0.4362836182117462, 0.2638666033744812, -0.056257665157318115, 0.133914053440094, 0.23747043311595917]]], "SKIP3": [[[0.11393372714519501]]]}