{"FC1": [[[-0.40607142448425293, -0.19893041253089905, 0.059242162853479385, -0.07120957970619202, 0.049432381987571716, -0.09051305055618286, -0.32905247807502747, -0.18700507283210754, -0.07316425442695618, 0.3405010402202606, 0.29954788088798523, 0.16235412657260895, -0.24164947867393494, 0.26625484228134155, -0.3133978843688965, -0.11959436535835266, -0.4399035573005676, 0.3383166193962097, -0.24236121773719788, -0.2705693244934082]], [0.0, 0.0, -0.07732246816158295, 0.0, -0.06559915840625763, 0.0, 0.0, 0.0, 0.0, -0.2151387482881546, -0.16120626032352448, -0.18775491416454315, 0.0, -0.21838949620723724, 0.0, 0.0, 0.0, -0.22144865989685059, 0.0, 0.0]], "FC2": [[[0.2724193334579468, -0.0, -0.0, -0.0, -0.0, 0.1542125940322876, 0.13433969020843506, 0.3735473155975342, 0.33287227153778076, 0.09442469477653503, -0.0, 0.13336586952209473, -0.0, 0.3035019636154175, 0.2214105725288391, -0.0, 0.00534394383430481, -0.0, 0.21609503030776978, 0.27412039041519165], [0.002057582139968872, -0.0, 0.3686092495918274, -0.0, -0.0, 0.1819325089454651, 0.21356773376464844, 0.34363579750061035, 0.28104567527770996, 0.241754412651062, 0.23229438066482544, 0.010864347219467163, -0.0, 0.18342739343643188, 0.12781959772109985, -0.0, 0.014439910650253296, -0.0, -0.0, 0.37134861946105957], [0.21891412138938904, 0.00500505929812789, -0.0, 0.04094058275222778, 0.1262226700782776, 0.07243764400482178, -0.0, 0.24536679685115814, 0.11467325687408447, 0.06467723101377487, 0.3252114951610565, -0.0, 0.27259042859077454, -0.0, 0.10474810004234314, -0.0, 0.31919199228286743, -0.0, 0.1298133134841919, -0.0], [-0.0, -0.0, -0.0, -0.0, -0.0, 4.264712333679199e-05, -0.0, 0.22853267192840576, -0.0, 0.1087501049041748, -0.0, 0.17278313636779785, 0.3203720450401306, -0.0, -0.0, 0.22405922412872314, -0.0, -0.0, 0.3510124683380127, -0.0], [0.2747948467731476, 0.005004982464015484, -0.0, 0.0071111321449279785, -0.0, -0.0, 0.20128774642944336, -0.0, -0.0, 0.18234306573867798, 0.005004556383937597, 0.3765489459037781, -0.0, -0.0, 0.13176274299621582, 0.04460116848349571, -0.0, 0.3448578715324402, -0.0, 0.07507329434156418], [0.05220919847488403, -0.0, 0.02307453751564026, 0.10631835460662842, 0.1573294997215271, 0.21852469444274902, -0.0, 0.1127517819404602, 0.20129483938217163, 0.36026549339294434, 0.07702800631523132, 0.2903977632522583, -0.0, -0.0, -0.0, -0.0, 0.005085021257400513, 0.33812248706817627, 0.08603355288505554, -0.0], [0.27046722173690796, -0.0, 0.2307875156402588, -0.0, 0.03797733783721924, -0.0, -0.0, -0.0, -0.0, -0.0, -0.0, 0.35429632663726807, -0.0, 0.018755197525024414, 0.10223999619483948, 0.24179255962371826, -0.0, 0.057743072509765625, 0.10331019759178162, 0.1352800726890564], [-0.0, 0.2894911766052246, -0.0, -0.0, -0.0, 0.15068930387496948, 0.2851877212524414, 0.31138503551483154, 0.1845560073852539, -0.0, 0.12588030099868774, 0.24585723876953125, -0.0, 0.3471655249595642, 0.37572526931762695, 0.04277461767196655, -0.0, -0.0, -0.0, 0.22602176666259766], [0.1310175061225891, 0.025488823652267456, -0.0, 0.06975704431533813, -0.0, 0.15569043159484863, -0.0, -0.0, 0.21491235494613647, -0.0, -0.0, 0.21117544174194336, -0.0, -0.0, -0.0, 0.09896472096443176, 0.05086103081703186, 0.3127148151397705, 0.10644567012786865, 0.270308256149292], [-0.0, 0.09031122177839279, -0.0, -0.0, -0.0, 0.27779465913772583, -0.0, -0.0, -0.0, 0.43382102251052856, 0.13451726734638214, 0.053706467151641846, 0.20557354390621185, -0.0, -0.0, -0.0, 0.0062334537506103516, -0.0, -0.0, 0.3275895416736603], [-0.0, 0.1454288363456726, 0.2073710560798645, 0.019648194313049316, 0.08926478028297424, 0.12922686338424683, -0.0, -0.0, -0.0, 0.3964907228946686, 0.10587787628173828, -0.0, 0.18183782696723938, 0.36652976274490356, 0.20926982164382935, 0.08776465058326721, 0.21416717767715454, -0.0, 0.0955083966255188, 0.3219439685344696], [0.05655698850750923, 0.39422816038131714, 0.374090313911438, -0.0, -0.0, 0.049647510051727295, 0.3299105167388916, 0.07851380854845047, -0.0, 0.8436756134033203, 0.6456196904182434, -0.0, 1.2307517528533936, 0.32444167137145996, 0.2842510938644409, 0.23419463634490967, 0.3450360894203186, -0.0, 0.3703514337539673, -0.0], [0.20815396308898926, -0.0, 0.22757089138031006, 0.23957163095474243, -0.0, -0.0, -0.0, -0.0, 0.3349874019622803, -0.0, 0.16729694604873657, 0.12698107957839966, -0.0, -0.0, 0.17562782764434814, 0.13579106330871582, -0.0, 0.048713505268096924, -0.0, -0.0], [0.06502407044172287, 0.19415895640850067, -0.0, -0.0, 0.1745302677154541, -0.0, 0.30665701627731323, 0.1781167834997177, -0.0, 0.1942492574453354, 0.19731931388378143, 0.03767132759094238, 0.4889749586582184, 0.08157088607549667, 0.23295563459396362, -0.0, -0.0, -0.0, -0.0, 0.2210935801267624], [0.19096457958221436, 0.11196672916412354, -0.0, 0.17813271284103394, 0.07159772515296936, -0.0, 0.3701150417327881, -0.0, -0.0, 0.014116168022155762, 0.28381848335266113, 0.31013965606689453, -0.0, -0.0, 0.2975425720214844, 0.046915203332901, 0.11822926998138428, 0.3540259599685669, -0.0, -0.0], [-0.0, 0.004894167184829712, -0.0, -0.0, -0.0, -0.0, -0.0, -0.0, 0.15020793676376343, -0.0, 0.368648886680603, -0.0, 0.10842707753181458, -0.0, 0.002462029457092285, 0.002282261848449707, 0.12621068954467773, -0.0, -0.0, 0.08626413345336914], [0.12779808044433594, -0.0, 0.3548924922943115, -0.0, -0.0, 0.38433629274368286, 0.02192741632461548, -0.0, 0.020913690328598022, -0.0, -0.0, -0.0, 0.0438535213470459, -0.0, -0.0, 0.23825830221176147, 0.008361220359802246, -0.0, -0.0, -0.0], [-0.0, 0.09727935492992401, -0.0, -0.0, -0.0, -0.0, -0.0, -0.0, -0.0, 0.13952474296092987, 0.3211618661880493, -0.0, 0.18858422338962555, -0.0, 0.29398995637893677, -0.0, -0.0, 0.38407212495803833, 0.10462981462478638, -0.0], [0.3194543719291687, 0.2605234980583191, 0.16858434677124023, 0.3017144799232483, -0.0, -0.0, 0.23083138465881348, 0.1407015323638916, 0.3795931339263916, -0.0, -0.0, -0.0, -0.0, -0.0, 0.15708738565444946, 0.14342063665390015, -0.0, -0.0, -0.0, -0.0], [-0.0, -0.0, -0.0, 0.14486557245254517, 0.18862783908843994, 0.1712384819984436, -0.0, -0.0, -0.0, 0.1440432071685791, 0.06172502040863037, -0.0, 0.09083548188209534, -0.0, 0.3055887222290039, 0.13818633556365967, -0.0, -0.0, -0.0, -0.0]], [-0.08325941115617752, -0.19545729458332062, 0.0, 0.0, 0.0, 0.0, 0.0, -0.08960344642400742, -0.011727632023394108, -0.1288294941186905, -0.177647203207016, 0.0, -0.3744354844093323, -0.02204514481127262, 0.0, -0.062845379114151, 0.0, 0.0, 0.0, -0.01101117953658104]], "FC3": [[[0.30974262952804565], [0.0715433731675148], [-0.0], [-0.0], [-0.0], [-0.0], [0.270358681678772], [0.32813525199890137], [2.1287904019118287e-05], [0.11725249141454697], [0.10874749720096588], [-0.0], [0.6348940134048462], [0.3092251718044281], [0.11147665977478027], [0.40955090522766113], [-0.0], [0.4429001808166504], [0.13355731964111328], [0.27371057868003845]], [-0.39048755168914795]], "SKIP2": [[[0.05025495961308479, 0.21167030930519104, -0.21112260222434998, -0.33897238969802856, -0.49174925684928894, -0.2749958336353302, -0.34527572989463806, 0.03803108260035515, -0.0022737286053597927, 0.09272044897079468, 0.2271163910627365, -0.33453264832496643, 0.23313474655151367, -0.16292046010494232, -0.41526252031326294, 0.008757508359849453, -0.39007169008255005, -0.37507835030555725, -0.24744239449501038, -0.2852911353111267]]], "SKIP3": [[[0.20440544188022614]]]}