{"FC1": [[[-0.49212902784347534, -0.005204916000366211, 0.3894025981426239, -0.47696006298065186, -0.41517049074172974, -0.15445101261138916, 0.08610018342733383, -0.17366695404052734, -0.3801475465297699, 0.35402393341064453, 0.4537637233734131, 0.18844524025917053, 0.1699185073375702, 0.15346433222293854, 0.012496322393417358, -0.2162632942199707, 0.03312293812632561, 0.03026707097887993, 0.011822590604424477, -0.5025210976600647]], [0.0, 0.0, -0.05846811830997467, 0.0, 0.0, 0.0, -0.047740258276462555, 0.0, 0.0, -0.08746054023504257, -0.060293082147836685, -0.07230747491121292, -0.04893727973103523, -0.10107894986867905, -0.03039616532623768, 0.0, -0.049820661544799805, -0.04406550154089928, -0.03210807591676712, 0.0]], "FC2": [[[0.0443798303604126, 0.17480480670928955, -0.0, 0.3191348910331726, 0.18544751405715942, -0.0, 0.2200908660888672, -0.0, -0.0, 0.12663167715072632, -0.0, -0.0, -0.0, -0.0, -0.0, -0.0, 0.37418627738952637, -0.0, -0.0, -0.0], [-0.0, -0.0, 0.1722012758255005, -0.0, 0.31780052185058594, -0.0, -0.0, -0.0, -0.0, -0.0, -0.0, -0.0, -0.0, -0.0, 0.013202279806137085, -0.0, -0.0, 0.18516385555267334, 0.26792383193969727, 0.3003591299057007], [-0.0, 0.02852477692067623, 0.33493131399154663, -0.0, -0.0, 0.0013021364575251937, -0.0, 0.1654667854309082, 0.0032345287036150694, -0.0, 0.0025773250963538885, -0.0, -0.0, 0.13559214770793915, -0.0, 0.33953291177749634, 0.3347548842430115, 0.1485602855682373, 0.21998420357704163, 0.1937181055545807], [-0.0, -0.0, -0.0, -0.0, -0.0, 0.01805645227432251, 0.032548338174819946, 0.3546910881996155, -0.0, -0.0, -0.0, 0.3381875157356262, -0.0, -0.0, 0.02065238356590271, -0.0, 0.2201920747756958, -0.0, 0.31881630420684814, -0.0], [0.13132590055465698, 0.21231496334075928, -0.0, -0.0, 0.0627877414226532, -0.0, 0.07234233617782593, 0.3532490134239197, -0.0, 0.11466109752655029, -0.0, 0.34298646450042725, 0.1463102102279663, 0.028429657220840454, -0.0, -0.0, -0.0, 0.12293100357055664, -0.0, -0.0], [-0.0, 0.030873119831085205, -0.0, -0.0, -0.0, 0.1625431776046753, -0.0, -0.0, 0.07383602857589722, -0.0, 0.22302037477493286, 0.05108523368835449, 0.16442281007766724, -0.0, -0.0, -0.0, 0.004889994859695435, 0.369534969329834, -0.0, -0.0], [0.020717758685350418, -0.0, 0.07241707295179367, -0.0, -0.0, 0.0007101109949871898, -0.0, 0.15194880962371826, 0.002832418540492654, -0.0, 0.0036027408204972744, 0.33866482973098755, -0.0, -0.0, 0.29187414050102234, -0.0, 0.34586507081985474, -0.0, 0.0004929740098305047, 0.37695130705833435], [0.145488440990448, -0.0, 0.10858213901519775, -0.0, -0.0, 0.12566983699798584, 0.02355802059173584, 0.32827913761138916, -0.0, -0.0, 0.3684263825416565, 0.029717326164245605, 0.13833075761795044, -0.0, -0.0, 0.1989230513572693, -0.0, -0.0, -0.0, -0.0], [-0.0, 0.24980241060256958, 0.37431710958480835, 0.20160430669784546, -0.0, 0.18305623531341553, -0.0, 0.1808837652206421, -0.0, 0.26836997270584106, -0.0, 0.27530717849731445, 0.2728223204612732, 0.12330031394958496, 0.1703331470489502, 0.2615078091621399, 0.2219884991645813, 0.03379353880882263, 0.22034037113189697, 0.03860190510749817], [-0.0, 0.04201573505997658, 0.05311085656285286, -0.0, 0.36280715465545654, 0.01326461136341095, 0.09138716757297516, 0.17171074450016022, 0.005740626715123653, -0.0, 0.15127672255039215, 0.053016919642686844, 0.15131503343582153, -0.0, 0.30843809247016907, -0.0, -0.0, 0.1583992838859558, 0.05817168205976486, 0.3152642846107483], [-0.0, 0.03602646291255951, 0.041370391845703125, -0.0, -0.0, 0.001397256157360971, 0.22701337933540344, 0.00018600815383251756, 0.004699966870248318, 0.16103631258010864, 0.0029388158582150936, -0.0, -0.0, 0.17004968225955963, 0.001789727946743369, -0.0, 0.38132578134536743, -0.0, 0.0054044597782194614, 0.259932279586792], [-0.0, -0.0, 0.03581138700246811, -0.0, -0.0, 0.000800320936832577, -0.0, 0.1140584796667099, 0.00050072226440534, -0.0, 0.0024533614050596952, 0.1660165786743164, -0.0, -0.0, -0.0, -0.0, -0.0, 0.05975836515426636, 0.14506620168685913, 0.0005431136814877391], [0.10949327051639557, -0.0, 0.34310591220855713, -0.0, 0.04158797860145569, 0.0011322200298309326, 0.21571680903434753, 0.00016753451200202107, 0.13016223907470703, 0.0013640224933624268, 0.0028860403690487146, -0.0, -0.0, 0.05988461151719093, 0.16735102236270905, 0.31336116790771484, 0.30261868238449097, -0.0, 0.03587285056710243, 0.13134881854057312], [-0.0, 0.06870047748088837, 0.31170934438705444, 0.09328536689281464, -0.0, 0.12757840752601624, 0.21578626334667206, 0.35883697867393494, 0.0077151344157755375, -0.0, 0.11942451447248459, -0.0, 0.25744926929473877, 0.11817185580730438, -0.0, 0.25262680649757385, 0.10654419660568237, -0.0, 0.00041140412213280797, 0.0036701466888189316], [-0.0, -0.0, 0.0049833497032523155, 0.15857934951782227, -0.0, 0.13030153512954712, 0.24949729442596436, 0.1938873529434204, 0.15808171033859253, 0.24489229917526245, 0.005003559868782759, -0.0, -0.0, -0.0, -0.0, -0.0, 0.18171870708465576, -0.0, 0.0050005544908344746, -0.0], [0.08303835988044739, 0.07729032635688782, 0.31422561407089233, -0.0, -0.0, 0.022860676050186157, 0.1374058723449707, -0.0, 0.09322288632392883, -0.0, 0.30246502161026, -0.0, -0.0, -0.0, -0.0, 0.17065250873565674, 0.19557100534439087, 0.028053998947143555, -0.0, 0.30610817670822144], [0.11195176094770432, -0.0, 0.335357666015625, 0.15018868446350098, 0.12392157316207886, 0.13687023520469666, -0.0, 0.0050047761760652065, 0.09662523865699768, 0.1639193892478943, 0.17110472917556763, -0.0, 0.17341426014900208, 0.28978896141052246, 0.11109387129545212, -0.0, -0.0, 0.21012228727340698, 0.0050029875710606575, -0.0], [0.23837164044380188, -0.0, 0.362533301115036, 0.10814923048019409, -0.0, 0.3114665448665619, 0.2772148549556732, 0.005004695616662502, -0.0, 0.18974840641021729, 0.29468902945518494, 0.3704146444797516, -0.0, 0.027583813294768333, 0.17937517166137695, 0.1079246923327446, 0.16531890630722046, 0.10327374935150146, 0.3735945224761963, 0.10354861617088318], [0.25580108165740967, -0.0, 0.2536366581916809, -0.0, 0.280256450176239, 0.004867530893534422, 0.3295491337776184, 0.14646197855472565, 0.2953142523765564, 0.21669989824295044, 0.0050036003813147545, -0.0, 0.31299760937690735, 0.3369697630405426, -0.0, 0.06119629740715027, 0.20367848873138428, -0.0, 0.00500066764652729, 0.2610378861427307], [-0.0, -0.0, 0.2417224645614624, -0.0, -0.0, -0.0, 0.13678127527236938, 0.18050384521484375, -0.0, -0.0, 0.32964926958084106, -0.0, 0.29332613945007324, -0.0, -0.0, -0.0, 0.33388781547546387, -0.0, 0.3063560724258423, -0.0]], [-0.06473327428102493, -0.060904864221811295, -0.20283953845500946, -0.035828255116939545, 0.0, -0.23873625695705414, -0.042008426040410995, -0.17944617569446564, -0.10403087735176086, 0.0, -0.18866731226444244, -0.015882300212979317, -0.1270790696144104, -0.11825589835643768, -0.02292049303650856, -0.022934183478355408, 0.0, 0.0, -0.08676771819591522, -0.03161090239882469]], "FC3": [[[0.13410985469818115], [0.243735671043396], [0.07485881447792053], [8.471311593893915e-05], [-0.0], [0.05453987047076225], [0.35440757870674133], [0.004921397194266319], [0.0003855061368085444], [0.2703850269317627], [0.012813634239137173], [0.09416496008634567], [0.19900457561016083], [0.01932016760110855], [0.3926190733909607], [0.4918029010295868], [-0.0], [0.4086915850639343], [0.004224953707307577], [0.0002922876155935228]], [-0.11103858798742294]], "SKIP2": [[[0.022966226562857628, -0.023764748126268387, -0.06853563338518143, 0.0100953234359622, -0.25141993165016174, 0.23210272192955017, -0.19840018451213837, 0.36923545598983765, 0.03906877338886261, -0.40173208713531494, 0.2741430699825287, -0.12513147294521332, 0.007578373420983553, -0.06131581589579582, -0.20261676609516144, -0.25829434394836426, -0.49246227741241455, -0.47332051396369934, 0.017057284712791443, -0.3093470633029938]]], "SKIP3": [[[0.06474573910236359]]]}