{"FC1": [[[0.16861280798912048, 0.08154673129320145, -0.30037885904312134, 0.3520890772342682, -0.3541404604911804, 0.3048262894153595, 0.30297425389289856, -0.51840740442276, 0.12799128890037537, 0.23382969200611115, -0.0023985926527529955, -0.23540720343589783, -0.11836165189743042, 0.18131081759929657, 0.12815707921981812, 0.09335213899612427, -0.19957488775253296, 0.2310245782136917, -0.31857573986053467, -0.004028547555208206]], [-0.0637325569987297, -0.1304856240749359, 0.0, -0.06992807239294052, 0.0, -0.09075254946947098, -0.10179459303617477, 0.0, -0.11194553226232529, -0.12039662897586823, -0.013593361712992191, 0.0, 0.0, -0.07882311195135117, -0.11669028550386429, -0.14454354345798492, 0.0, -0.08847922831773758, 0.0, -0.006005344912409782]], "FC2": [[[0.23746216297149658, 0.06732657551765442, 0.06743563711643219, -0.0, -0.0, -0.0, 0.003519684076309204, 0.04132327064871788, 0.10146822035312653, -0.0, -0.0, -0.0, -0.0, -0.0, 0.10080007463693619, 0.300933301448822, -0.0, 0.002185860415920615, 0.35451000928878784, 0.217863991856575], [-0.0, 0.07144278287887573, 1.2197229862213135, 0.34040993452072144, -0.0, -0.0, 0.06312394142150879, 0.018840618431568146, 0.07693451642990112, -0.0, 0.367367684841156, 0.19612003862857819, 0.2112199366092682, 0.05849766731262207, 1.0635517835617065, 0.13802532851696014, 0.28133243322372437, 0.2473260462284088, -0.0, 0.09259049594402313], [-0.0, -0.0, -0.0, 0.2608966827392578, 0.003336578607559204, 0.06011590361595154, -0.0, -0.0, -0.0, -0.0, -0.0, -0.0, -0.0, -0.0, 0.24676716327667236, 0.18706059455871582, -0.0, 0.2776244878768921, 0.31593388319015503, -0.0], [-0.0, 0.26710236072540283, 0.40575700998306274, 0.2534602880477905, -0.0, -0.0, 0.3327487111091614, 0.00011201573215657845, 0.28058314323425293, 0.2886027693748474, 0.1342170238494873, -0.0, 0.21448993682861328, 0.23836374282836914, 0.09568998962640762, -0.0, -0.0, 0.0031412909738719463, -0.0, 0.11913204193115234], [-0.0, -0.0, 0.1757749319076538, -0.0, 0.28999757766723633, -0.0, 0.055661916732788086, -0.0, -0.0, -0.0, 0.2424347996711731, 0.1679784059524536, 0.2436542510986328, 0.218783438205719, -0.0, -0.0, 0.17522168159484863, 0.18563348054885864, -0.0, 0.06984308362007141], [-0.0, 0.30434077978134155, 0.1383284330368042, -0.0, 0.27960139513015747, 0.1493874192237854, -0.0, 0.00011966480815317482, 0.20418694615364075, 0.04944324493408203, 0.2104489803314209, 0.1872677356004715, -0.0, -0.0, 0.16988249123096466, -0.0, -0.0, 0.0036558695137500763, -0.0, 0.2866394817829132], [0.1253422498703003, -0.0, 0.14335784316062927, 0.16689974069595337, 0.34243738651275635, 0.09811809659004211, -0.0, 0.11045128107070923, -0.0, -0.0, -0.0, 0.21547740697860718, 0.17292046546936035, -0.0, 0.1742301732301712, 0.17301411926746368, 0.1916353851556778, 0.0036677494645118713, -0.0, 0.32241693139076233], [-0.0, 0.15146034955978394, -0.0, -0.0, 0.14062011241912842, 0.3609590530395508, 0.13110804557800293, 0.21379870176315308, 0.132826030254364, 0.010547250509262085, -0.0, 0.07935819029808044, -0.0, -0.0, -0.0, -0.0, 0.22190159559249878, -0.0, -0.0, 0.2938603162765503], [-0.0, -0.0, 0.35504084825515747, 0.09761884063482285, -0.0, 0.12565289437770844, 0.10383394360542297, 0.2711123824119568, 0.34114402532577515, -0.0, -0.0, 0.1399049162864685, -0.0, -0.0, 0.351349800825119, -0.0, -0.0, 0.17072124779224396, -0.0, 0.21449585258960724], [-0.0, -0.0, 0.5273891687393188, -0.0, -0.0, -0.0, 0.26156413555145264, 0.00013602049148175865, 0.058559004217386246, 0.22691267728805542, -0.0, 0.27095890045166016, -0.0, 0.06902635097503662, 0.3690823018550873, -0.0, -0.0, 0.0026547121815383434, 0.052235305309295654, 0.16041584312915802], [-0.0, -0.0, -0.0, 0.027877328917384148, -0.0, -0.0, -0.0, -0.0, 0.298356294631958, 0.14599740505218506, 0.23757469654083252, 0.09399332851171494, 0.3345543146133423, 0.3841817378997803, 0.32817959785461426, 0.3345353603363037, 0.29945966601371765, -0.0, -0.0, 0.004997460637241602], [-0.0, 0.18893921375274658, 0.07726189494132996, 0.031045138835906982, -0.0, -0.0, -0.0, -0.0, 0.28013503551483154, 0.09761086106300354, -0.0, -0.0, -0.0, 0.23194968700408936, -0.0, 0.3025631904602051, 0.1283981204032898, 0.1401236653327942, -0.0, -0.0], [-0.0, -0.0, 0.14914429187774658, 0.17416256666183472, 0.3668081760406494, -0.0, -0.0, 0.3159511089324951, -0.0, 0.0687384307384491, -0.0, -0.0, -0.0, -0.0, 0.11077138781547546, -0.0, 0.11886990070343018, -0.0, -0.0, 0.36136168241500854], [0.3591216206550598, 0.16859102249145508, 0.21617081761360168, 0.21690818667411804, -0.0, 0.31548020243644714, -0.0, 0.050014056265354156, -0.0, -0.0, 0.08926421403884888, 0.07231689989566803, 0.15998953580856323, -0.0, 0.23467664420604706, -0.0, 0.14144788682460785, 0.0031665076967328787, 0.20907413959503174, 0.11964255571365356], [-0.0, -0.0, 0.48752978444099426, -0.0, -0.0, -0.0, 0.2344091534614563, 0.00011005121632479131, -0.0, -0.0, 0.357019305229187, 0.2359582781791687, -0.0, -0.0, 0.3697699010372162, 0.11100974678993225, 0.20463228225708008, 0.0015272663440555334, 0.01924198865890503, 0.0004110844456590712], [0.22603166103363037, 0.24714362621307373, 1.1604901552200317, 0.001894891494885087, -0.0, -0.0, 0.15499842166900635, 9.560406761011109e-05, 0.0033262628130614758, 0.11295098066329956, 0.12175679206848145, 0.120230533182621, 0.02501101978123188, 0.04180598258972168, 1.287843942642212, 0.0013047079555690289, 1.8812977486959426e-06, 0.18627779185771942, 0.33031994104385376, 0.3355463445186615], [0.20992511510849, -0.0, -0.0, -0.0, 0.23109978437423706, 0.15319782495498657, 0.24715560674667358, -0.0, -0.0, -0.0, -0.0, 0.14294272661209106, 0.24220937490463257, 0.16938108205795288, -0.0, 0.0926348865032196, -0.0, 0.012113511562347412, -0.0, -0.0], [-0.0, -0.0, 0.46928244829177856, -0.0, 0.04044073820114136, 0.12720075249671936, -0.0, 0.0001291793305426836, 0.24613595008850098, 0.08954697847366333, 0.12743639945983887, -0.0, 0.23379696905612946, 0.24889707565307617, 0.2042665183544159, -0.0, -0.0, 0.0026349020190536976, 0.3218443989753723, 0.20599952340126038], [0.06394079327583313, -0.0, 0.3535306453704834, 0.14688336849212646, 0.3698663115501404, 0.3500049114227295, 0.15084373950958252, 0.2039395570755005, 0.3250150680541992, -0.0, 0.025038689374923706, -0.0, -0.0, 0.2626916170120239, -0.0, -0.0, -0.0, -0.0, 0.15327388048171997, -0.0], [0.05960369110107422, -0.0, -0.0, 0.004989790730178356, 0.2562234401702881, -0.0, -0.0, -0.0, 0.32509198784828186, -0.0, -0.0, 0.36613279581069946, 0.011425405740737915, 0.1903517246246338, -0.0, 0.004984803963452578, -0.0, 0.29023826122283936, -0.0, 0.004970541689544916]], [0.0, 0.0, -0.4192439317703247, -0.10724514722824097, 0.0, -0.04772137105464935, 0.0, -0.11621898412704468, -0.058102626353502274, 0.0, 0.0, -0.1098383292555809, -0.018772326409816742, 0.0, -0.42400431632995605, -0.13674074411392212, -0.10816609114408493, -0.18472056090831757, 0.0, -0.04544375464320183]], "FC3": [[[-0.0], [-0.0], [0.08839510381221771], [0.0008502325508743525], [-0.0], [0.27658817172050476], [-0.0], [0.007633799687027931], [0.0011441418901085854], [-0.0], [-0.0], [0.26602816581726074], [1.123793117585592e-05], [-0.0], [0.05263917148113251], [0.001593424123711884], [0.0011428829748183489], [0.029832100495696068], [0.42431163787841797], [0.0037452217657119036]], [-0.2221965491771698]], "SKIP2": [[[-0.3140277862548828, -0.28090497851371765, -0.1648881882429123, 0.3686842918395996, -0.22583812475204468, -0.17437037825584412, -0.4020692706108093, 0.14377139508724213, 0.046040333807468414, -0.3196936547756195, -0.360785573720932, -0.152852401137352, -0.2046428918838501, -0.33103543519973755, 0.1667006015777588, 0.22648562490940094, 0.30665311217308044, 0.2138485163450241, -0.3225812017917633, -0.2663179039955139]]], "SKIP3": [[[0.09567037224769592]]]}