{"FC1": [[[0.141159787774086, -0.14407026767730713, 0.3950485587120056, 0.024218253791332245, -0.5270434021949768, -0.4024919867515564, 0.21088165044784546, 0.07440080493688583, 0.16555660963058472, -0.2505943775177002, 0.004823227412998676, -0.1189594566822052, -0.4102799892425537, 0.17173145711421967, -0.43131446838378906, 0.10661521553993225, 0.09848946332931519, -0.08154928684234619, -0.2742668688297272, -0.40657901763916016]], [-0.21418078243732452, 0.0, -0.14102724194526672, -0.0497707836329937, 0.0, 0.0, -0.17502811551094055, -0.12585817277431488, -0.23370513319969177, 0.0, -0.0263734869658947, 0.0, 0.0, -0.15672528743743896, 0.0, -0.16258542239665985, -0.16117925941944122, 0.0, 0.0, 0.0]], "FC2": [[[0.26095402240753174, -0.0, 0.304837167263031, -0.0, 0.7924695611000061, 0.07805362343788147, 0.5368711352348328, 0.06661231070756912, 0.017197519540786743, 0.0730249285697937, 0.3841244578361511, 0.020320923998951912, -0.0, 0.7829281091690063, 0.11627398431301117, 0.032838210463523865, -0.0, -0.0, -0.0, 0.08454165607690811], [-0.0, 0.33851325511932373, -0.0, 0.012151271104812622, -0.0, 0.2064705491065979, 0.37787067890167236, -0.0, -0.0, -0.0, 0.2609529495239258, -0.0, 0.30378931760787964, 0.30876731872558594, 0.08451974391937256, -0.0, -0.0, -0.0, -0.0, -0.0], [-0.0, -0.0, 0.008735457435250282, -0.0, 0.21551677584648132, 0.09728685021400452, 0.00852990709245205, 0.0021715962793678045, 0.06314095109701157, 0.14215517044067383, 0.0074394517578184605, 0.12020298093557358, 0.311087965965271, 0.1907002478837967, 0.023319490253925323, 0.0821261927485466, 0.07092607766389847, -0.0, -0.0, 0.007973256520926952], [-0.0, 0.142505943775177, -0.0, -0.0, -0.0, 0.1324201226234436, -0.0, 0.18648871779441833, 0.09817113727331161, -0.0, 0.005004210397601128, -0.0, -0.0, 0.352128803730011, -0.0, 0.004996707662940025, -0.0, -0.0, 0.31363028287887573, -0.0], [0.354778528213501, -0.0, 0.2923208475112915, 0.3318435549736023, -0.0, -0.0, 0.12316244840621948, -0.0, 0.1493978500366211, -0.0, 0.16362649202346802, -0.0, -0.0, 0.08874675631523132, 0.23785847425460815, 0.18867987394332886, -0.0, -0.0, 0.34501415491104126, 0.32843583822250366], [-0.0, -0.0, 0.13866031169891357, 0.15314602851867676, -0.0, 0.3740692734718323, 0.2287968397140503, -0.0, -0.0, -0.0, 0.35209810733795166, 0.1325092315673828, -0.0, 0.15364712476730347, 0.32280850410461426, 0.26257461309432983, 0.07975560426712036, -0.0, -0.0, 0.056290119886398315], [-0.0, -0.0, 0.012172400951385498, 0.35051679611206055, 0.23321056365966797, -0.0, 0.012638811022043228, 0.0027305418625473976, 0.0012373782228678465, -0.0, 0.0010505339596420527, 0.0013265967136248946, -0.0, 0.26688453555107117, 0.026622800156474113, -0.0, 0.2395438700914383, 0.2375938892364502, 0.33861035108566284, 0.01173732616007328], [-0.0, 0.11391210556030273, 0.01631896384060383, 0.32603520154953003, 1.4157387018203735, 0.25480741262435913, 0.04165095090866089, 0.020857620984315872, 0.07515987753868103, 0.08294305205345154, 0.3554009795188904, 0.001886099693365395, -0.0, 1.391314148902893, 0.2782100737094879, 0.09358237683773041, 0.24820731580257416, -0.0, -0.0, 0.02679140493273735], [0.25977855920791626, 0.18304294347763062, 0.18662400543689728, -0.0, 0.6816220879554749, -0.0, 0.3766859471797943, 0.25894561409950256, 0.01748056337237358, -0.0, 0.145897775888443, 0.013703585602343082, -0.0, 0.43930551409721375, 0.29316872358322144, 0.1219157949090004, 0.2129913717508316, 0.02391648292541504, 0.029436320066452026, 0.05944037064909935], [0.10158714652061462, 0.16287875175476074, -0.0, -0.0, -0.0, 0.0028094053268432617, 0.31349480152130127, 0.035432636737823486, 0.27137839794158936, -0.0, 0.3214379549026489, 0.11473679542541504, 0.1411285400390625, -0.0, -0.0, -0.0, 0.18867367506027222, -0.0, 0.38252347707748413, -0.0], [0.3501777648925781, 0.11054128408432007, 0.07663634419441223, -0.0, 0.1302012801170349, -0.0, -0.0, -0.0, -0.0, 0.03978744149208069, 0.005002542398869991, -0.0, -0.0, -0.0, 0.08715720474720001, 0.0049851639196276665, 0.2880098223686218, 0.3478119969367981, -0.0, -0.0], [0.2441515326499939, 0.3319007158279419, -0.0, -0.0, -0.0, 0.37340205907821655, 0.26471060514450073, -0.0, 0.16930699348449707, -0.0, 0.23462927341461182, 0.3656747341156006, 0.12116044759750366, -0.0, -0.0, 0.14018011093139648, -0.0, -0.0, 0.3594691753387451, 0.325156033039093], [0.03445550799369812, -0.0, 0.2780323624610901, 0.17720496654510498, 0.18788492679595947, -0.0, 0.29619109630584717, -0.0, -0.0, 0.07916176319122314, 0.37017738819122314, 0.3769822120666504, 0.3035174012184143, 0.023118019104003906, 0.12245947122573853, 0.02042338252067566, 0.014390319585800171, 0.03835749626159668, 0.16495472192764282, -0.0], [0.3299121856689453, -0.0, 0.011502057313919067, -0.0, 0.2264491766691208, 0.36083829402923584, 0.011951030232012272, 0.002333597047254443, 0.18404969573020935, -0.0, 0.0008754788432270288, 0.0013370511587709188, 0.08641330152750015, 0.2718212902545929, 0.025704428553581238, -0.0, -0.0, 0.11262047290802002, -0.0, 0.010721149854362011], [-0.0, 0.35309290885925293, 0.141362726688385, 0.3088928461074829, -0.0, 0.05652207136154175, -0.0, -0.0, 0.07878133654594421, -0.0, -0.0, -0.0, -0.0, -0.0, 0.25250768661499023, 0.16100120544433594, -0.0, 0.06775557994842529, 0.12870687246322632, -0.0], [0.035291463136672974, 0.3230054974555969, 0.302672415971756, 0.2835339903831482, 1.891520380973816, -0.0, 0.4711775481700897, 0.12681086361408234, 0.008885450661182404, -0.0, 0.04757731035351753, 0.010648146271705627, 0.11539770662784576, 1.7344614267349243, 0.2784577012062073, 0.05440492182970047, -0.0, 0.2402489185333252, -0.0, 0.0672297477722168], [0.11350756883621216, 0.31944793462753296, 0.1565675586462021, 0.2664458155632019, 0.5923856496810913, 0.15591442584991455, 0.07015854120254517, 0.10688606649637222, 0.005176583770662546, 0.3000299334526062, 0.3923022747039795, 0.21641401946544647, 0.272696316242218, 0.7520413994789124, 0.030247513204813004, 0.1924118548631668, -0.0, 0.26629817485809326, -0.0, 0.0432618111371994], [-0.0, -0.0, -0.0, -0.0, -0.0, 0.028497040271759033, -0.0, -0.0, -0.0, -0.0, 0.29513972997665405, 0.33942633867263794, 0.2299688458442688, 0.0026772916316986084, 0.20528316497802734, -0.0, 0.09720069169998169, -0.0, 0.3177245855331421, 0.3521617650985718], [-0.0, 0.008882850408554077, -0.0, 0.3197295665740967, 0.20562517642974854, 0.2768867015838623, 0.14508360624313354, 0.015294492244720459, 0.25713443756103516, -0.0, -0.0, 0.24108952283859253, -0.0, 0.10155594348907471, 0.3658728003501892, 0.18066591024398804, 0.27276933193206787, 0.08742371201515198, -0.0, -0.0], [-0.0, 0.09961128234863281, -0.0, 0.0025242865085601807, 0.034874558448791504, 0.07242342829704285, 0.24219971895217896, 0.22622764110565186, -0.0, -0.0, -0.0, -0.0, -0.0, -0.0, -0.0, 0.021990299224853516, -0.0, -0.0, -0.0, -0.0]], [0.0, 0.0, -0.24987293779850006, 0.0, -0.20080044865608215, 0.0, -0.1862107366323471, -0.29469960927963257, -0.18831785023212433, 0.0, -0.049050845205783844, -0.19636988639831543, -0.06307757645845413, -0.2772585451602936, -0.133876770734787, -0.1003136858344078, -0.0896497443318367, 0.0, 0.0, -0.307083398103714]], "FC3": [[[0.1926218867301941], [-0.0], [0.1412520706653595], [-0.0], [0.08224975317716599], [0.4256454110145569], [0.03265734016895294], [0.17632898688316345], [0.024422820657491684], [-0.0], [0.006997901480644941], [0.03530891612172127], [0.39406147599220276], [0.0818554162979126], [0.04796141758561134], [0.0032224722672253847], [0.10513441264629364], [-0.0], [-0.0], [0.3455829322338104]], [-0.30851706862449646]], "SKIP2": [[[-0.400545597076416, -0.5222713947296143, 0.15778596699237823, -0.36127251386642456, 0.23416931927204132, -0.3544352054595947, 0.11082863807678223, 0.230746790766716, 0.1807633936405182, -0.324365496635437, 0.013540598563849926, 0.2946311831474304, -0.15464185178279877, 0.20820991694927216, 0.07236842066049576, 0.014839870855212212, -0.07213450968265533, -0.2885429859161377, -0.16682225465774536, 0.1978926956653595]]],