{"FC1": [[[-0.34353107213974, 0.2871946394443512, -0.3428177833557129, -0.127836674451828, 0.5292864441871643, 0.38531777262687683, 0.37200769782066345, -0.5107728838920593, 0.36279329657554626, -0.4773954153060913, 0.08225804567337036, -0.19614851474761963, -0.15245887637138367, -0.4097263813018799, 0.4989345371723175, -0.533279299736023, 0.2728923559188843, 0.3845738172531128, 0.44363608956336975, -0.4464164972305298]], [0.0, -0.06868480145931244, 0.0, 0.0, -0.058634597808122635, -0.045263588428497314, -0.07146956026554108, 0.0, -0.03107733093202114, 0.0, -0.08726294338703156, 0.0, 0.0, 0.0, -0.06850429624319077, 0.0, -0.04739193245768547, -0.041560087352991104, -0.06198777258396149, 0.0]], "FC2": [[[0.32879143953323364, 0.15042459964752197, -0.0, 0.3568008542060852, -0.0, 0.11104804277420044, -0.0, -0.0, -0.0, -0.0, 0.1675044298171997, -0.0, -0.0, -0.0, -0.0, 0.03501713275909424, 0.10799375176429749, 0.26646125316619873, -0.0, -0.0], [6.013838356011547e-05, 0.009188685566186905, 0.37576544284820557, 0.016457607969641685, 2.9024899049545638e-05, 0.3062109649181366, 6.852856313344091e-05, 0.11234769970178604, 0.3212912082672119, 0.010362684726715088, 0.36698848009109497, 0.3372674584388733, 0.3347652554512024, 0.15016691386699677, 0.3410662114620209, 0.13069888949394226, 0.00334322452545166, 0.009392828680574894, 0.29335281252861023, 0.01131980586796999], [0.28485721349716187, 0.2011641263961792, -0.0, -0.0, -0.0, -0.0, -0.0, -0.0, 0.2110525369644165, 0.23688805103302002, -0.0, -0.0, -0.0, 0.11427932977676392, -0.0, -0.0, -0.0, -0.0, -0.0, -0.0], [-0.0, -0.0, -0.0, -0.0, -0.0, 0.12010067701339722, -0.0, 0.3074018955230713, 0.20567744970321655, -0.0, -0.0, 0.21317124366760254, -0.0, -0.0, -0.0, 0.38461148738861084, 0.23800206184387207, 0.34171682596206665, 0.14214223623275757, -0.0], [0.27051445841789246, 0.009991122409701347, 0.3319922983646393, 0.06239363178610802, 0.2164599746465683, 0.13444548845291138, 0.00010886277596000582, 0.008316488936543465, -0.0, 0.1579674482345581, 0.012263692915439606, 0.3186478912830353, 0.06084887310862541, 0.00939342100173235, 0.044992536306381226, 0.3483891189098358, -0.0, 0.1732129156589508, 0.09342200309038162, 0.21304164826869965], [0.08311661332845688, 0.009077593684196472, 0.010372476652264595, 0.02670547179877758, 0.045666880905628204, 0.2565082311630249, 0.1956985592842102, 0.009202208369970322, 0.10716584324836731, 0.16798284649848938, 0.29996198415756226, 0.006987673696130514, 0.0001770689559634775, 0.008478929288685322, 0.13586699962615967, 0.041176166385412216, -0.0, 0.2824886441230774, 9.479746950091794e-05, 0.3878141939640045], [0.1660628616809845, 0.08630236238241196, 0.010793392546474934, 0.08309585601091385, 0.3472885191440582, 0.22380398213863373, 8.362184598809108e-05, 0.32427629828453064, 0.03982946276664734, 0.010739922523498535, 0.07754132896661758, 0.05537628009915352, 0.07050349563360214, 0.010006020776927471, 0.17082154750823975, 0.16561610996723175, 0.07461637258529663, 0.20833192765712738, 7.465804810635746e-05, 0.17489883303642273], [0.3216220736503601, 0.20210283994674683, 0.2709910273551941, -0.0, 0.33637571334838867, -0.0, 0.2975769639015198, -0.0, -0.0, -0.0, 0.3276633620262146, 0.04458621144294739, -0.0, -0.0, 0.018467634916305542, -0.0, 0.03405770659446716, 0.1714545488357544, 0.2776455283164978, 0.28055793046951294], [0.000112240704766009, 0.11610891669988632, 0.09328556060791016, 0.012835482135415077, 0.1902332901954651, 5.2364091970957816e-05, 0.00011257528240093961, 0.00527913635596633, 0.35831218957901, 0.009606573730707169, 0.17956286668777466, 0.0054299249313771725, 0.2405056208372116, 0.13754642009735107, 2.347016561543569e-05, 0.03502098470926285, -0.0, 0.23118077218532562, 0.02888892963528633, 0.010648478753864765], [-0.0, -0.0, 0.3702881932258606, -0.0, 0.061220020055770874, -0.0, 0.38722437620162964, -0.0, 0.05018630623817444, 0.19742029905319214, 0.373224675655365, 0.014903545379638672, -0.0, -0.0, 0.13859069347381592, -0.0, -0.0, 0.2375383973121643, -0.0, 0.2229875922203064], [0.08744422346353531, 0.1912693977355957, 0.42801618576049805, 0.3042795658111572, 0.006031820084899664, 0.00707843666896224, 0.3763779103755951, 0.3648492693901062, -0.0, 0.3223498463630676, 0.10116522014141083, 0.39325669407844543, 0.22036533057689667, 0.15922068059444427, 0.002421993063762784, 0.5959725379943848, 0.24378865957260132, 0.10114486515522003, 0.19960901141166687, 0.48454350233078003], [0.23835277557373047, 0.3797915577888489, 0.22768813371658325, 0.2075178623199463, 0.04133808612823486, 0.0986824631690979, -0.0, -0.0, 0.09979376196861267, -0.0, -0.0, 0.30129683017730713, 0.14328795671463013, -0.0, 0.37544411420822144, -0.0, -0.0, -0.0, -0.0, -0.0], [0.3752332925796509, -0.0, 0.36396580934524536, 0.18401116132736206, -0.0, 0.22460687160491943, 0.0841604471206665, 0.375984787940979, 0.3482484817504883, 0.07468739151954651, 0.2016218900680542, -0.0, 0.07712790369987488, 0.013902485370635986, -0.0, -0.0, 0.1078701913356781, -0.0, 0.251423180103302, -0.0], [0.17144745588302612, 0.044223248958587646, -0.0, 0.1383054256439209, -0.0, 0.1772230863571167, 0.330349326133728, -0.0, 0.32332366704940796, -0.0, -0.0, -0.0, 0.2665237784385681, 0.12787240743637085, -0.0, -0.0, -0.0, 0.356769859790802, -0.0, -0.0], [9.629734995542094e-05, 0.34745916724205017, 0.029285233467817307, 0.1533452421426773, 4.604310743161477e-05, 4.535801417659968e-05, 0.3511311709880829, 0.012778216041624546, -0.0, 0.3889777362346649, 0.13021279871463776, 0.008460073731839657, 0.00018347488366998732, 0.010186261497437954, 0.16476969420909882, 0.08390148729085922, -0.0, 0.010409808717668056, 0.3577973544597626, 0.012443441897630692], [-0.0, -0.0, 0.3278229832649231, 0.31891071796417236, -0.0, 0.19175970554351807, -0.0, -0.0, 0.33519792556762695, -0.0, 0.30441391468048096, 0.36030077934265137, 0.2528071403503418, 0.37986069917678833, 0.12528002262115479, -0.0, 0.32684123516082764, 0.3002282977104187, -0.0, 0.03868132829666138], [0.2629365622997284, 0.008109714835882187, 0.29696157574653625, 0.013735456392168999, 0.2010166347026825, 3.7924444768577814e-05, 8.570465433876961e-05, 0.011927016079425812, -0.0, 0.009313942864537239, 0.010335152968764305, 0.006072907242923975, 0.044803064316511154, 0.008008087053894997, 0.268100768327713, 0.17924901843070984, 0.07562878727912903, 0.06429629027843475, 7.65338190831244e-05, 0.07096373289823532], [0.07112647593021393, 0.009555748663842678, 0.010842555202543736, 0.014432716183364391, 0.2203846275806427, 4.6625922550447285e-05, 0.00010303097951691598, 0.151309534907341, 0.27385270595550537, 0.010782873257994652, 0.01182201411575079, 0.006610515993088484, 0.34048500657081604, 0.2848169207572937, 0.011126305907964706, 0.03398144990205765, -0.0, 0.009755364619195461, 9.158682951238006e-05, 0.011802219785749912], [9.578542085364461e-05, 0.010079801082611084, 0.3700007200241089, 0.13211177289485931, 0.2661325931549072, 0.26730725169181824, 0.36321407556533813, 0.015648452565073967, -0.0, 0.3569241464138031, 0.3990004062652588, 0.1753145158290863, 0.00018263104720972478, 0.010257741436362267, 0.3294830024242401, 0.04496727138757706, 0.2667982578277588, 0.01027949433773756, 0.06441858410835266, 0.0781898945569992], [0.17816287279129028, 0.13188683986663818, 0.06357556581497192, -0.0, -0.0, 0.31224125623703003, 0.3512868285179138, -0.0, 0.13637417554855347, 0.020823031663894653, 0.06004619598388672, 0.32970041036605835, -0.0, -0.0, -0.0, 0.22516661882400513, 0.17674005031585693, 0.05728784203529358, 0.2185419797897339, 0.3061004877090454]], [-0.008504223078489304, -0.02627605013549328, -0.02504751645028591, -0.05789205804467201, -0.0153430737555027, -0.013463546521961689, -0.026054121553897858, -0.2636165916919708, 0.0, -0.025197163224220276, -0.023946551606059074, -0.060732755810022354, -0.04129545018076897, -0.06450448930263519, -0.00960076879709959, -0.13885711133480072, 0.0, -0.02597944810986519, -0.019409457221627235, -0.02394864708185196]],