{"FC1": [[[-0.0028044581413269043, 0.2401394248008728, -0.3064296841621399, 0.16085977852344513, 0.36183929443359375, 0.037196822464466095, -0.23011192679405212, 0.09339343011379242, -0.24856144189834595, -0.21428528428077698, -0.2620643675327301, -0.26255807280540466, -0.48783862590789795, 0.39796242117881775, -0.21982675790786743, -0.4720183312892914, -0.3038678765296936, -0.1612987518310547, -0.12910306453704834, -0.3067156672477722]], [0.0, -0.23781652748584747, 0.0, -0.10850688070058823, -0.2383347600698471, -0.06208900362253189, 0.0, -0.14329008758068085, 0.0, 0.0, 0.0, 0.0, 0.0, -0.1125476062297821, 0.0, 0.0, 0.0, 0.0, 0.0, 0.0]], "FC2": [[[-0.0, -0.0, 0.321427583694458, 0.1356675624847412, 0.17445069551467896, -0.0, 0.2746965289115906, -0.0, -0.0, 0.24763894081115723, -0.0, 0.26784372329711914, 0.3864126205444336, 0.0734497606754303, -0.0, 0.049828678369522095, 0.1351136565208435, -0.0, 0.2054796814918518, -0.0], [0.00034017395228147507, -0.0, -0.0, 0.3819817304611206, -0.0, 0.0689091682434082, 0.02059847116470337, 0.11088433861732483, 0.27247047424316406, -0.0, 0.3656945824623108, -0.0, 0.027809767052531242, 0.01639326475560665, -0.0, 0.10012290626764297, 0.037014514207839966, 0.02654212899506092, 0.12067125737667084, 0.1895039677619934], [-0.0, -0.0, -0.0, 0.023008793592453003, -0.0, -0.0, -0.0, -0.0, 0.09008696675300598, -0.0, -0.0, -0.0, -0.0, 0.0064955055713653564, -0.0, -0.0, -0.0, -0.0, 0.21297401189804077, 0.010804325342178345], [0.10138166695833206, 0.2746325731277466, 0.27873170375823975, 0.06703482568264008, -0.0, 0.1354461908340454, -0.0, 0.2346808910369873, 0.0014972686767578125, -0.0, 0.26103705167770386, 0.04264885187149048, 0.35453319549560547, 0.0006503916811197996, -0.0, -0.0, -0.0, 0.022750895470380783, 0.016729528084397316, -0.0], [-0.0, -0.0, -0.0, 0.06805974990129471, -0.0, 0.25122374296188354, 0.04053899645805359, -0.0, -0.0, 0.30212536454200745, -0.0, 0.37354177236557007, 0.06645677983760834, 0.0008991489303298295, -0.0, 0.03426927328109741, 0.10631558299064636, 0.0474666953086853, 0.02848735637962818, -0.0], [0.005005077924579382, 0.056258536875247955, 0.0929369330406189, 0.09636570513248444, 0.30782362818717957, -0.0, 0.2789808511734009, 0.3870745897293091, -0.0, 0.34405291080474854, 0.17744624614715576, -0.0, -0.0, 0.00500523392111063, -0.0, -0.0, 0.07971635460853577, 0.00500397477298975, 0.26288387179374695, 0.18340277671813965], [-0.0, 0.2703365087509155, 0.02777552604675293, -0.0, 0.3254929184913635, 0.1367543339729309, -0.0, -0.0, -0.0, -0.0, 0.15364378690719604, 0.2703815698623657, 0.17184054851531982, -0.0, 0.08482307195663452, -0.0, 0.24783331155776978, 0.29901015758514404, 0.24866020679473877, 0.03565573692321777], [0.27115944027900696, 0.15741874277591705, -0.0, 0.5425641536712646, -0.0, -0.0, 0.19292783737182617, -0.0, -0.0, 0.00018939434085041285, -0.0, 0.1353137493133545, 0.06223101168870926, 0.005558500066399574, 0.0404251366853714, -0.0, -0.0, 0.18882375955581665, 0.1530839502811432, 0.056703805923461914], [0.17210990190505981, -0.0, -0.0, -0.0, 0.20446372032165527, -0.0, -0.0, -0.0, -0.0, 0.37902623414993286, 0.15979480743408203, -0.0, 0.33571237325668335, -0.0, 0.17254000902175903, -0.0, 0.2891842722892761, 0.2535238265991211, -0.0, -0.0], [-0.0, 0.07453984022140503, -0.0, -0.0, -0.0, 0.24260008335113525, 0.23342657089233398, -0.0, 0.20613479614257812, 0.30048006772994995, -0.0, 0.38200443983078003, 0.10959047079086304, 0.36653023958206177, -0.0, 0.09456309676170349, 0.1597200632095337, 0.18079131841659546, -0.0, 0.3297799229621887], [-0.0, 0.2972176671028137, -0.0, 0.1534104347229004, 0.10787904262542725, 0.022436290979385376, 0.09795325994491577, 0.16208434104919434, 0.12131255865097046, 0.15121525526046753, -0.0, 0.38168323040008545, -0.0, 0.356003999710083, -0.0, 0.05561685562133789, -0.0, -0.0, 0.1028088927268982, 0.06794840097427368], [0.3045145869255066, 0.2553368806838989, 0.33450770378112793, -0.0, -0.0, 0.05662974715232849, 0.23617810010910034, 0.254713237285614, -0.0, 0.14821326732635498, -0.0, -0.0, 0.012597650289535522, -0.0, 0.24923157691955566, -0.0, -0.0, -0.0, 0.23079073429107666, 0.01459282636642456], [0.3159375786781311, -0.0, 0.23447847366333008, 0.22194510698318481, 0.33348679542541504, 0.2444174885749817, -0.0, -0.0, -0.0, -0.0, -0.0, 0.03906407952308655, 0.35992032289505005, -0.0, 0.3472670912742615, 0.04781311750411987, 0.11926954984664917, -0.0, 0.3456771969795227, 0.08036217093467712], [0.07352698594331741, 0.2963697016239166, 0.10556623339653015, 0.03974161297082901, -0.0, -0.0, -0.0, -0.0, -0.0, -0.0, -0.0, -0.0, 0.22230790555477142, 0.054977480322122574, 0.0354558527469635, -0.0, 0.2852403521537781, 0.030552593991160393, 0.02018371783196926, -0.0], [0.0607968270778656, 0.020633816719055176, 0.190501868724823, -0.0, 0.09612059593200684, 0.08771958947181702, -0.0, -0.0, 0.15076541900634766, 0.13523972034454346, 0.032671332359313965, -0.0, -0.0, -0.0, -0.0, 0.3839426636695862, 0.018357843160629272, -0.0, -0.0, 0.33697593212127686], [-0.0, 0.13359206914901733, 0.11299389600753784, -0.0, 0.1223096251487732, 0.07060351967811584, -0.0, -0.0, -0.0, -0.0, 0.19945251941680908, 0.08254128694534302, -0.0, -0.0, -0.0, -0.0, -0.0, -0.0, 0.0642266571521759, -0.0], [-0.0, -0.0, 0.3797833323478699, 0.10721632838249207, 0.2370070219039917, 0.04370927810668945, 0.1293591856956482, -0.0, -0.0, 0.19499170780181885, 0.1091061532497406, 0.17266547679901123, 0.04733175039291382, 0.02147817611694336, 0.2718525528907776, 0.19891464710235596, -0.0, -0.0, 0.02674528956413269, 0.2526794672012329], [0.14544564485549927, -0.0, 0.1733311414718628, 0.37073814868927, 0.198309063911438, -0.0, -0.0, 0.19784623384475708, -0.0, -0.0, 0.29801738262176514, 0.08787110447883606, -0.0, 0.20951753854751587, 0.3770211935043335, -0.0, 0.06235098838806152, -0.0, 0.037787020206451416, 0.12945181131362915], [-0.0, 0.2091854214668274, 0.0023160576820373535, 0.10980367660522461, -0.0, 0.34202438592910767, -0.0, -0.0, 0.32723093032836914, 0.3289445638656616, -0.0, 0.32139497995376587, 0.1661655306816101, -0.0, 0.09193477034568787, 0.12105762958526611, 0.30087918043136597, 0.37376493215560913, 0.26995009183883667, 0.18534094095230103], [-0.0, -0.0, 0.09719321131706238, -0.0, -0.0, 0.13712340593338013, 0.16547244787216187, -0.0, 0.35985231399536133, -0.0, -0.0, 0.26450276374816895, 0.24296987056732178, 0.08764183521270752, -0.0, -0.0, -0.0, 0.18130475282669067, 0.15433728694915771, 0.10691365599632263]], [-0.08676830679178238, -0.04929817095398903, 0.0, -0.2996818423271179, -0.21367642283439636, 0.0, 0.0, 0.0, 0.0, -0.0542045421898365, 0.0, 0.0, -0.11686477810144424, -0.07108259201049805, -0.0076036276295781136, -0.1652769297361374, 0.0, -0.1692759096622467, -0.2854745090007782, 0.0]], "FC3": [[[0.004850165918469429], [0.3228433132171631], [-0.0], [0.2587909400463104], [0.1865510195493698], [0.05094355344772339], [0.2157449722290039], [0.46798259019851685], [0.2773903012275696], [6.926932837814093e-05], [0.501770555973053], [0.3688000440597534], [0.07550398260354996], [0.0035675065591931343], [-0.0], [0.06824662536382675], [-0.0], [0.05179905146360397], [0.11696141213178635], [-0.0]], [-0.19059117138385773]], "SKIP2": [[[0.018550962209701538, -0.1419806331396103, -0.44280344247817993, 0.1621103733778, 0.1403898000717163, -0.27811557054519653, -0.47489821910858154, -0.22837594151496887, -0.24538424611091614, -0.07618062943220139, -0.27980899810791016, -0.4115152657032013, 0.12474491447210312, 0.025840474292635918, -0.009775510989129543, 0.08084539324045181, -0.45339372754096985, 0.18959546089172363, 0.23912133276462555, -0.3436604142189026]]], "SKIP3": [[[0.09177254885435104]]]}